date;close;volume
2025-01-02;8.9504;67511
2025-01-03;8.9467;15403
2025-01-06;9.162;40857
2025-01-07;9.1733;41667
2025-01-08;9.2163;14976
2025-01-09;9.27;11877
2025-01-10;9.259;21849
2025-01-13;9.2961;17490
2025-01-14;9.462;39789
2025-01-15;9.5815;60487
2025-01-16;9.563;36944
2025-01-17;9.6126;57041
2025-01-20;9.762;54895
2025-01-21;9.7459;38756
2025-01-22;9.639;32642
2025-01-23;9.8331;53602
2025-01-24;9.873;33576
2025-01-27;9.8832;83851
2025-01-28;9.9324;31416
2025-01-29;10.0229;55956
2025-01-30;10.0448;42459
2025-01-31;9.98;33461
2025-02-03;9.798;54847
2025-02-04;9.9756;63992
2025-02-05;10.0535;42089
2025-02-06;10.395;31034
2025-02-07;10.4232;46135
2025-02-10;10.3915;40170
2025-02-11;10.54;99995
2025-02-12;10.6821;47786
2025-02-13;10.6118;65807
2025-02-14;10.6814;45159
2025-02-17;10.7943;71274
2025-02-18;10.984;100091
2025-02-19;10.8239;91596
2025-02-20;10.8282;44521
2025-02-21;10.9;38119
2025-02-24;10.9384;43863
2025-02-25;11.13;60093
2025-02-26;11.4201;146048
2025-02-27;11.3866;63495
2025-02-28;11.35;38416
2025-03-03;11.5617;89689
2025-03-04;11.0808;95510
2025-03-05;11.653;172609
2025-03-06;11.9409;144277
2025-03-07;11.8992;152283
2025-03-10;11.5677;126889
2025-03-11;11.3621;82873
2025-03-12;11.5651;87497
2025-03-13;11.4935;49529
2025-03-14;11.7614;101326
2025-03-17;11.9042;115231
2025-03-18;12.2053;126100
2025-03-19;12.19;116420
2025-03-20;11.98;93763
2025-03-21;11.955;36283
2025-03-24;11.9912;55912
2025-03-25;12.22;39412
2025-03-26;12.142;83762
2025-03-27;12.0509;38581
2025-03-28;11.79;43269
2025-03-31;11.574;70390
2025-04-01;11.763;56521
2025-04-02;11.71;37977
2025-04-03;11.1555;122373
2025-04-04;10.15;242116
2025-04-07;9.8627;614945
2025-04-08;10.1239;133594
2025-04-09;9.8847;70312
2025-04-10;10.4501;142204
2025-04-11;10.3806;45450
2025-04-14;10.6825;42109
2025-04-15;11.0299;130993
2025-04-16;11.08;84238
2025-04-17;10.963;55698
2025-04-22;11.0668;64814
2025-04-23;11.4544;89208
2025-04-24;11.37;80066
2025-04-25;11.562;65410
2025-04-28;11.7222;75304
2025-04-29;11.7446;75292
2025-04-30;11.5986;57812
2025-05-02;11.88;51595
2025-05-05;11.9533;60837
2025-05-06;11.9395;93201
2025-05-07;11.9301;30769
2025-05-08;12.1161;60324
2025-05-09;12.2076;50103
2025-05-12;12.53;85163
2025-05-13;12.5142;30506
2025-05-14;12.6724;86077
2025-05-15;12.6658;53085
2025-05-16;12.688;31078
2025-05-19;12.86;61855
2025-05-20;12.9912;79849
2025-05-21;13.0188;92190
2025-05-22;12.9786;42889
2025-05-23;12.691;122057
2025-05-26;12.83;102245
2025-05-27;12.9214;31018
2025-05-28;12.8226;22708
2025-05-29;12.8645;28170
2025-05-30;12.8638;22734
2025-06-02;12.8777;57887
2025-06-03;12.8803;71697
2025-06-04;12.805;47643
2025-06-05;12.9468;64275
2025-06-06;13.0497;64738
2025-06-09;13.029;62872
2025-06-10;12.8091;45218
2025-06-11;12.8276;61766
2025-06-12;12.8204;26130
2025-06-13;12.6352;33060
2025-06-16;12.9294;144801
2025-06-17;12.6486;33730
2025-06-18;12.7466;26711
2025-06-19;12.48;46839
2025-06-20;12.602;36083
2025-06-23;12.45;39151
2025-06-24;12.7951;24553
2025-06-25;12.6457;27495
2025-06-26;12.6507;23969
2025-06-27;12.8473;40269
2025-06-30;12.8099;17116
2025-07-01;12.712;19317
2025-07-02;12.8363;40019
2025-07-03;12.9905;32823
2025-07-04;12.8217;37280
2025-07-07;13.01;56111
2025-07-08;13.1333;46772
2025-07-09;13.4836;49468
2025-07-10;13.2955;68319
2025-07-11;13.0276;37146
2025-07-14;13.0659;20595
2025-07-15;12.943;42044
2025-07-16;12.9221;46033
2025-07-17;13.0072;37279
2025-07-18;13.0489;26789
2025-07-21;13.058;86392
2025-07-22;12.9996;33661
2025-07-23;13.2331;41444
2025-07-24;13.5649;56182
2025-07-25;13.5394;27977
2025-07-28;13.5122;58200
2025-07-29;13.725;44236
2025-07-30;13.898;56695
2025-07-31;14.0063;72320
2025-08-01;13.5581;88039
2025-08-04;13.9123;51448
2025-08-05;13.9059;52608
2025-08-06;14.07;25689
2025-08-07;14.3431;45311
2025-08-08;14.63;65999
2025-08-11;14.7369;72871
2025-08-12;14.7725;67947
2025-08-13;14.8999;51518
2025-08-14;15.05;61821
2025-08-15;15.1403;148379
2025-08-18;14.94;76194
2025-08-19;15.0917;111370
2025-08-20;14.9759;54966
2025-08-21;15.0688;43256
2025-08-22;15.0917;22591
2025-08-25;14.937;97110
2025-08-26;14.5696;104922
2025-08-27;14.3712;95811
2025-08-28;14.4092;44863
2025-08-29;14.3179;85345
2025-09-01;14.4375;31136
2025-09-02;14.2452;63406
2025-09-03;14.2832;37476
2025-09-04;14.4927;34661
2025-09-05;14.3214;37504
2025-09-08;14.5099;32596
2025-09-09;14.627;41071
2025-09-10;14.74;36732
2025-09-11;14.8618;29625
2025-09-12;14.8503;26958
2025-09-15;15.0984;62225
2025-09-16;14.7753;67504
2025-09-17;14.634;27381
2025-09-18;14.7375;37771
2025-09-19;14.9475;53765
2025-09-22;14.7746;45877
2025-09-23;14.8516;46939
2025-09-24;14.8939;24051
2025-09-25;14.8138;31176
2025-09-26;15.0853;42490
2025-09-29;14.9389;146689
2025-09-30;14.9929;67870
2025-10-01;15.117;29284
2025-10-02;14.976;53540
2025-10-03;15.029;33245
2025-10-06;14.842;69713
2025-10-07;14.6921;49459
2025-10-08;14.88;18235
2025-10-09;14.7816;56527
2025-10-10;14.6135;36459
2025-10-13;14.6564;34537
2025-10-14;14.7016;55515
2025-10-15;14.6572;33169
2025-10-16;14.7575;29161
2025-10-17;14.4238;97953
2025-10-20;14.5773;40955
2025-10-21;14.489;32192
2025-10-22;14.4598;35110
2025-10-23;14.45;25140
2025-10-24;14.47;36191
2025-10-27;14.6471;37912
2025-10-28;14.6621;43791
2025-10-29;14.9491;34131
2025-10-30;14.96;24482
2025-10-31;15;28237
2025-11-03;15.0284;50958
2025-11-04;15.0437;27812
2025-11-05;15.1417;37059
2025-11-06;15.121;34322
2025-11-07;15.0269;26919
2025-11-10;15.5463;42041
2025-11-11;15.6982;98690
2025-11-12;16.0261;59932
2025-11-13;16.0135;52972
2025-11-14;15.6136;129185
2025-11-17;15.4097;37974
2025-11-18;14.9813;344395
2025-11-19;15.06;35350
2025-11-20;15.223;110358
2025-11-21;15.1253;26426
2025-11-24;15.277;31742
2025-11-25;15.522;89996
2025-11-26;15.7527;110269
2025-11-27;15.7746;52759
2025-11-28;15.7801;113229
2025-12-01;15.8148;145295
2025-12-02;16.0161;103991
2025-12-03;15.8761;52233
2025-12-04;16.0665;35898
2025-12-05;15.9782;96794
2025-12-08;16.094;35517
2025-12-09;16.2007;76221
2025-12-10;16.2461;77842
2025-12-11;16.537;236077
2025-12-12;16.3035;168435
2025-12-15;16.5603;66770
2025-12-16;16.5478;49048
2025-12-17;16.6706;45659
2025-12-18;16.8523;55387
2025-12-19;16.9587;94057
2025-12-22;16.8878;90498
2025-12-23;16.9617;107931
2025-12-24;17;21540
2025-12-29;16.8634;60855
2025-12-30;17.1061;52003
2025-12-31;17.05;31271
2026-01-02;17.2963;137273
2026-01-05;17.4198;173013
2026-01-06;17.2873;193338
2026-01-07;17.01;65383
2026-01-08;17.18;101112
2026-01-09;17.3088;45775
2026-01-12;17.43;161137
2026-01-13;17.5511;83176
2026-01-14;17.5929;97618
2026-01-15;17.6159;114692
2026-01-16;17.5714;142227
2026-01-19;17.4308;126491
2026-01-20;17.2378;91471
2026-01-21;17.2034;162861
2026-01-22;17.5832;146839
2026-01-23;17.3695;48611
2026-01-26;17.5735;53997
2026-01-27;17.867;105933
2026-01-28;17.6225;182807
2026-01-29;17.4857;72405
2026-01-30;17.7634;49611
2026-02-02;18.1306;75418
2026-02-03;18.3274;97087
2026-02-04;18.1116;73171
2026-02-05;17.4874;123524
2026-02-06;17.6734;62792
2026-02-09;18.0615;79117
2026-02-10;17.8686;69463
2026-02-11;17.5593;134232
2026-02-12;17.2794;99974
2026-02-13;16.7511;176796
2026-02-16;16.9258;58105
2026-02-17;17.1543;45588
2026-02-18;17.5081;91702
2026-02-19;17.3467;32983
2026-02-20;17.5967;87077
2026-02-23;17.7068;82173
2026-02-24;17.36;109621
2026-02-25;17.7181;37857
2026-02-26;17.7131;89330
2026-02-27;17.4107;82801
2026-03-02;16.7874;154534
2026-03-03;16.0713;246659
2026-03-04;16.4656;226041
2026-03-05;16.121;120245
2026-03-06;15.8643;101946
2026-03-09;15.7522;276824
2026-03-10;16.4104;91184
2026-03-11;16.3015;125882
2026-03-12;15.8185;68892
2026-03-13;15.6079;53273
2026-03-16;15.69;35381
2026-03-17;15.746;33909
2026-03-18;15.9542;110392
2026-03-19;15.48;105190
2026-03-20;15.214;169143
2026-03-23;15.6225;474556
2026-03-24;15.4735;63505
2026-03-25;15.8053;159163
2026-03-26;15.4894;397480
2026-03-27;15.327;73384
2026-03-30;15.362;53994
2026-03-31;15.5467;96517
2026-04-01;16.2235;274103
2026-04-02;15.9558;49225
2026-04-07;15.9323;77257
2026-04-08;16.9898;190838
2026-04-09;16.8919;49048
2026-04-10;17.15;66471
2026-04-13;17.096;48693
2026-04-14;17.4732;61881
2026-04-15;17.4794;83319
2026-04-16;17.2962;207741
2026-04-17;17.8564;123021
2026-04-20;17.5002;285343
2026-04-21;17.4121;103110
2026-04-22;17.1362;50300
2026-04-23;16.9501;104643
2026-04-24;16.8169;211536
2026-04-27;16.8796;362244
2026-04-28;17.0906;29596
2026-04-29;17.0734;53595
2026-04-30;17.0799;59887
2026-05-04;16.5889;68475
2026-05-05;16.924;152222
2026-05-06;17.588;206432
2026-05-07;17.596;276765
2026-05-08;17.372;53327
2026-05-11;17.414;60512
2026-05-12;17.158;37552
2026-05-13;17.282;72517
2026-05-14;17.464;41920
2026-05-15;17.198;69024
2026-05-18;17.25;42794
2026-05-19;17.222;61525
2026-05-20;17.678;48384
2026-05-21;17.552;90035
2026-05-22;17.712;100156
2026-05-25;18.254;90400
2026-05-26;18.074;166618
2026-05-27;18.114;132545
2026-05-28;17.968;114943
2026-05-29;18.16;47915
2026-06-01;18.002;81124
2026-06-02;18.152;55284
2026-06-03;17.878;112050
2026-06-04;18.014;109158
2026-06-05;17.936;87542
2026-06-08;17.83;76600
2026-06-09;17.826;73331
2026-06-10;17.666;122605
2026-06-11;17.732;73743
2026-06-12;18.47;141482
2026-06-15;18.92;198175
2026-06-16;19.24;167702
2026-06-17;19.642;68612
2026-06-18;19.654;75195
2026-06-19;19.68;364833
2026-06-22;19.864;273421
2026-06-23;19.662;141667
2026-06-24;19.384;38332
2026-06-25;19.494;96877
2026-06-26;19.31;23789
2026-06-29;19.29;108463
2026-06-30;19.55;45761
2026-07-01;19.55;49969
2026-07-02;19.954;54826
2026-07-03;20.075;55171
2026-07-06;20.21;52215
2026-07-07;20.1;65810
2026-07-08;19.456;129065
2026-07-09;19.792;85214
2026-07-10;19.952;56101
2026-07-13;19.882;48282
2026-07-14;19.994;84437
2026-07-15;19.922;44345
2026-07-16;19.992;58853
2026-07-17;19.676;33518
2026-07-20;19.788;30524
2026-07-21;20.1;18922
2026-07-22;20.325;47263
2026-07-23;19.752;66624
2026-07-24;20.15;43398
2026-07-27;20.42;61099
2026-07-28;20.345;51628
2026-07-29;20;62271
2026-07-30;20.525;91056
2026-07-31;20.635;31217
2026-08-03;20.98;40012
2026-08-04;21.155;76825
2026-08-05;21.22;56589
2026-08-06;21.335;65847
2026-08-07;21.3;93935
2026-08-10;21.355;59384
2026-08-11;21.33;111652
2026-08-12;21.4;102796
2026-08-13;21.425;55043
2026-08-14;21.45;24678
2026-08-17;21.355;63273
2026-08-18;21.155;124614
2026-08-19;20.81;141262
2026-08-20;20.81;54706
2026-08-21;21;157144
2026-08-24;21.135;142232
2026-08-25;21.085;71326
2026-08-26;21.265;42507
2026-08-27;20.85;106423
2026-08-28;21.11;40272
2026-08-31;21.07;48752
2026-09-01;20.995;50333
2026-09-02;21.11;35390
